{"cameraMode":{"drawMode":0,"name":"Shaded","section":"Shading Mode"},"sceneLighting":true,"audioPlay":false,"sceneViewState":{"showFog":true,"showMaterialUpdate":true,"showSkybox":true,"showFlares":true,"showImageEffects":true,"showParticleSystems":true,"showVisualEffectGraphs":true,"m_FxEnabled":true},"in2DMode":false,"pivot":{"x":-35.915618896484378,"y":1.7438199520111085,"z":21.534236907958986},"rotation":{"x":-0.021303553134202958,"y":-0.016218911856412889,"z":0.0004775174311362207,"w":-0.9997714161872864},"size":9.354517936706543,"orthographic":false}