{"cameraMode":{"drawMode":0,"name":"Shaded","section":"Shading Mode"},"sceneLighting":true,"audioPlay":false,"sceneViewState":{"showFog":true,"showMaterialUpdate":true,"showSkybox":true,"showFlares":true,"showImageEffects":true,"showParticleSystems":true,"showVisualEffectGraphs":true,"m_FxEnabled":true},"in2DMode":false,"pivot":{"x":-9.611839294433594,"y":-210.9062042236328,"z":173.01211547851563},"rotation":{"x":0.4311761260032654,"y":-0.010562742128968239,"z":0.005008867476135492,"w":0.9022404551506043},"size":154.86549377441407,"orthographic":false}